ts_code,trade_date,open,high,low,close,pre_close,change,pct_chg,vol,amount,RSI,MACD_DIF,MACD_DEA,MACD_Hist,BOLL_MA,BOLL_Upper,BOLL_Lower,BOLL_BW,K,D,J
600031.SH,2025-01-02,16.48,16.48,15.69,15.77,16.48,-0.71,-4.3083,853894.28,1368558.133,,0.0,0.0,0.0,,,,,50.0,50.0,50.0
600031.SH,2025-01-03,15.85,16.0,15.55,15.6,15.77,-0.17,-1.078,534033.71,842151.57,,-0.01356125356125304,-0.002712250712250608,-0.02169800569800486,,,,,49.99999999999999,49.99999999999999,49.999999999999986
600031.SH,2025-01-06,15.6,15.71,15.42,15.58,15.6,-0.02,-0.1282,454873.82,707452.833,,-0.02562706471538334,-0.007295213512877155,-0.03666370240501237,,,,,49.99999999999999,49.99999999999999,49.999999999999986
600031.SH,2025-01-07,15.59,15.64,15.43,15.52,15.58,-0.06,-0.3851,393682.19,611079.078,,-0.03957461402741913,-0.013751093615785552,-0.051647040823267154,,,,,49.99999999999999,49.99999999999999,49.999999999999986
600031.SH,2025-01-08,15.57,15.71,15.26,15.57,15.52,0.05,0.3222,573354.64,888892.453,,-0.046062584411178165,-0.020213391774864076,-0.051698385272628176,,,,,49.99999999999999,49.99999999999999,49.999999999999986
600031.SH,2025-01-09,15.51,15.56,15.32,15.37,15.57,-0.2,-1.2845,357776.55,551312.715,,-0.06657523830829959,-0.029485761081551178,-0.07417895445349681,,,,,49.99999999999999,49.99999999999999,49.999999999999986
600031.SH,2025-01-10,15.42,15.71,15.38,15.44,15.37,0.07,0.4554,467712.6,727772.401,,-0.07630366813301492,-0.03884934249184393,-0.07490865128234199,,,,,49.99999999999999,49.99999999999999,49.999999999999986
600031.SH,2025-01-13,15.39,15.7,15.23,15.31,15.44,-0.13,-0.842,384318.12,592609.973,,-0.09342647021069084,-0.04976476803561331,-0.08732340435015505,,,,,49.99999999999999,49.99999999999999,49.999999999999986
600031.SH,2025-01-14,15.31,15.85,15.3,15.8,15.31,0.49,3.2005,590312.54,925532.19,,-0.06668876277626978,-0.05314956698374461,-0.02707839158505035,,,,,48.53333333333333,49.511111111111106,46.57777777777778
600031.SH,2025-01-15,15.8,15.8,15.38,15.4,15.8,-0.4,-2.5316,543389.11,843185.8,,-0.07688926250398964,-0.05789750608779362,-0.03798351283239204,,,,,39.71486291486291,46.24569504569504,26.653198653198658
600031.SH,2025-01-16,15.49,15.8,15.44,15.54,15.4,0.14,0.9091,542228.15,847230.101,,-0.07283678494019163,-0.06088536185827323,-0.02390284616383681,,,,,43.14324194324189,45.211544011543985,39.0066378066377
600031.SH,2025-01-17,15.49,15.54,15.31,15.42,15.54,-0.12,-0.7722,426413.35,657250.287,,-0.07840436764730008,-0.0643891630160786,-0.028030409262442962,,,,,38.97721505893544,43.13343436067447,30.664776455457385
600031.SH,2025-01-20,15.5,16.06,15.5,15.92,15.42,0.5,3.2425,963356.38,1530045.633,,-0.04198689691757096,-0.05990870979637707,0.03584362575761223,,,,,53.69565341278431,46.654174044711084,67.77861214893076
600031.SH,2025-01-21,16.05,16.23,15.88,16.21,15.92,0.29,1.8216,629239.09,1016548.149,,0.010157695784268839,-0.045895428680247895,0.11210624892903347,,,,,68.46376894185622,53.92403901042613,97.54322880471639
600031.SH,2025-01-22,16.21,16.33,16.0,16.1,16.21,-0.11,-0.6786,479082.6,772633.831,56.00000000000003,0.04212103541352441,-0.028292135861493435,0.14082634255003568,,,,,72.00614899154058,59.951409004130944,96.11562896635986
600031.SH,2025-01-23,16.21,16.26,16.02,16.07,16.1,-0.03,-0.1863,421624.11,679202.056,55.34973735139619,0.06429036377931219,-0.00977563593333231,0.14813199942528898,,,,,73.45864478223922,64.45382093016704,91.46829248638358
600031.SH,2025-01-24,16.06,16.29,16.01,16.2,16.07,0.13,0.809,361406.49,585630.964,57.64489902963545,0.09129721234191557,0.010438933721717265,0.1617165572403966,,,,,78.09864344705917,69.00209510246441,96.2917401362487
600031.SH,2025-01-27,16.29,16.34,16.1,16.1,16.2,-0.1,-0.6173,302234.69,488912.395,55.29049456936731,0.1034387921292339,0.029038905403220596,0.1487997734520266,,,,,77.63210534011068,71.87876518167982,89.1387856569724
600031.SH,2025-02-05,16.1,16.17,15.78,15.81,16.1,-0.29,-1.8012,450016.98,713063.047,49.03567190921559,0.08863873307793924,0.040958870938164325,0.09535972427954982,,,,,67.93596666686992,70.56449901007652,62.678901980456715
600031.SH,2025-02-06,15.79,15.87,15.58,15.76,15.81,-0.05,-0.3163,553644.78,869586.767,48.02687090027913,0.07204451321634942,0.04717599939380134,0.049737027645096146,15.7245,16.310349810104945,15.138650189895056,7.451426882952647,59.853751240696425,66.99424975361649,45.5727542148563
600031.SH,2025-02-07,15.78,16.8,15.64,16.75,15.76,0.99,6.2817,1304535.45,2129487.598,63.87431787136152,0.1371966826898472,0.06518013605301051,0.14403309327367336,15.773500000000002,16.517861966278574,15.029138033721429,9.438133150899574,71.95378287841298,68.64742746188199,78.56649371147495
600031.SH,2025-02-10,16.71,17.05,16.62,16.99,16.75,0.24,1.4328,983276.22,1664804.717,66.53806062304879,0.2058236338991133,0.09330883562223108,0.22502959655376442,15.843,16.75894299983534,14.927057000164659,11.56274695241231,79.94197770125486,72.41227754167294,95.00137802041868
600031.SH,2025-02-11,16.98,17.06,16.84,16.88,16.99,-0.11,-0.6474,492631.29,833681.769,64.20144563138899,0.24847069101293684,0.12434120670037224,0.2482589686251292,15.908000000000001,16.924362968732392,14.89163703126761,12.778010670510323,82.57393108011586,75.79949538782057,96.12280246470641
600031.SH,2025-02-12,16.84,17.12,16.76,16.99,16.88,0.11,0.6517,507705.32,860584.288,65.5059510259926,0.2878269814466954,0.1570383616496369,0.261577239594117,15.9815,17.088307167153857,14.874692832846142,13.851104929497954,85.56876790622437,79.05591956062183,98.59446459742944
600031.SH,2025-02-13,17.0,17.2,16.9,16.96,16.99,-0.03,-0.1766,580842.53,990681.003,64.81228412785862,0.3129884399751752,0.18822837731474457,0.24952012532086132,16.051,17.221728967690414,14.880271032309585,14.587614076262096,85.44090699921134,81.18424870681832,93.95422358399736
600031.SH,2025-02-14,16.99,17.48,16.98,17.46,16.96,0.5,2.9481,1061950.65,1842907.122,70.43212219703067,0.3690210534664331,0.22438691254508228,0.28926828184270165,16.155499999999996,17.43805460538312,14.872945394616874,15.877621929164961,89.94306080649176,84.1038527400428,101.62147693938968
600031.SH,2025-02-17,17.45,17.52,17.13,17.36,17.46,-0.1,-0.5727,705108.88,1219254.121,68.08988952886517,0.4007386731138105,0.25965726465882794,0.28216281690996514,16.2515,17.59455660812624,14.90844339187376,16.528401786004242,90.54623297752372,86.2513128192031,99.13607329416499
600031.SH,2025-02-18,17.32,17.46,16.93,17.04,17.36,-0.32,-1.8433,703328.25,1209116.572,61.08894630593931,0.39549477200433714,0.2868247661279298,0.2173400117528147,16.338,17.648180381313555,15.027819618686449,16.03844266511878,85.45006597127009,85.98423053655875,84.38173684069278
600031.SH,2025-02-19,17.07,17.57,17.04,17.45,17.04,0.41,2.4061,857545.07,1495324.78,65.9234130577445,0.41958579225185133,0.31337697135271414,0.21241764179827438,16.4205,17.794291909470388,15.046708090529613,16.73264406650696,88.22750512074307,86.73198873128686,91.21853789965547
600031.SH,2025-02-20,17.48,17.7,17.29,17.65,17.45,0.2,1.1461,793701.63,1391269.821,68.01128204493901,0.449633334699314,0.3406282440220341,0.21801018135455974,16.532999999999998,17.92332900309318,15.142670996906817,16.81883509457668,90.60846020395215,88.02414588884196,95.7770888341725
600031.SH,2025-02-21,17.6,17.76,17.24,17.68,17.65,0.03,0.17,979194.6,1715682.115,68.32478573509363,0.4704439923467625,0.3665913936869798,0.20770519731956538,16.64,18.037923271744262,15.24207672825574,16.80196240077237,91.0723068026347,89.04019952677287,95.1365213543584
600031.SH,2025-02-24,17.7,17.95,17.65,17.84,17.68,0.16,0.905,695859.41,1239761.456,70.01275966209002,0.4941509863173046,0.3921033122130448,0.2040953482085196,16.761000000000003,18.132988951927274,15.389011048072732,16.371206394931935,90.9669720420926,89.68245703187944,93.53600206251895
600031.SH,2025-02-25,17.72,18.18,17.61,17.9,17.84,0.06,0.3363,805857.16,1447158.243,70.64451850848617,0.5118798165071361,0.4160586130718631,0.191642406870546,16.86,18.261893456421653,15.458106543578344,16.629815615915238,86.68631469472838,88.68374291949574,82.69145824519367
600031.SH,2025-02-26,17.88,18.18,17.73,17.79,17.9,-0.11,-0.6145,661486.15,1186667.988,67.8234051341119,0.5111616086329924,0.43507921218408896,0.15216479289780693,16.939,18.364539971563854,15.513460028436146,16.831453705222906,80.72420979648557,86.03056521182567,70.11149896580534
600031.SH,2025-02-27,17.76,18.13,17.71,18.02,17.79,0.23,1.2929,814638.24,1463890.156,70.47805288765196,0.523121284986491,0.4526876267445694,0.1408673164838432,17.035,18.481090919468198,15.588909080531803,16.977879888091547,82.88280653099036,84.9813123182139,78.6857949565433
600031.SH,2025-02-28,17.93,18.5,17.91,18.2,18.02,0.18,0.9989,1371673.92,2514994.108,72.39736959143445,0.5408888800214378,0.47032787739994314,0.14112200524298923,17.1415,18.602015770469265,15.680984229530736,17.04069971086853,82.21911093573453,84.06057852405411,78.53617575909539
600031.SH,2025-03-03,18.25,19.38,18.25,18.8,18.2,0.6,3.2967,1514306.87,2880689.116,77.62034967997367,0.5965086324844684,0.4955640284168482,0.20188920813524036,17.2715,18.838156177643107,15.70484382235689,18.1415184279664,79.8839656950481,82.66837424771876,74.31514858970678
600031.SH,2025-03-04,18.7,18.95,18.52,18.84,18.8,0.04,0.2128,695432.69,1306371.554,77.92030351795044,0.6364784256394422,0.523746907861367,0.22546303555615044,17.408499999999997,19.022312419804646,15.794687580195347,18.54051089760346,78.17809551009438,81.17161466851063,72.19105719326188
600031.SH,2025-03-05,19.45,20.0,19.38,19.68,18.84,0.84,4.4586,2198570.11,4353081.527,83.05619691236039,0.7275490222635455,0.5645073307418027,0.3260833830434855,17.601999999999997,19.332623252503325,15.871376747496667,19.66393878540313,81.58732937387934,81.31018623696687,82.14161564770427
600031.SH,2025-03-06,19.45,19.76,19.2,19.66,19.68,-0.02,-0.1016,1336008.58,2606592.05,82.56376320382677,0.7890140307609066,0.6094086707456235,0.3592107200305661,17.797,19.5325975764469,16.0614024235531,19.504383620238237,82.98290577505485,81.86775941632953,85.21319849250546
600031.SH,2025-03-07,19.64,19.96,19.41,19.86,19.66,0.2,1.0173,939235.12,1860063.48,83.61024771745188,0.844133179517975,0.6563535725000939,0.3755592140357622,17.952499999999997,19.84345214111831,16.061547858881685,21.066170629364294,86.7026903214452,83.47940305136808,93.14926486159948
600031.SH,2025-03-10,20.2,20.55,20.0,20.47,19.86,0.61,3.0715,2106416.73,4285481.925,86.3091906040326,0.9263589151023695,0.710354641020549,0.43200854816364087,18.1265,20.268336644220618,15.984663355779382,23.632103762123055,90.1961597448132,85.71832194918312,99.15183533607336
600031.SH,2025-03-11,20.27,20.75,20.23,20.54,20.47,0.07,0.342,1278628.92,2622766.483,86.58224800582849,0.9858080365419681,0.7654453201248329,0.44072543283427046,18.3095,20.62156879336733,15.997431206632669,25.25540067579487,91.16147491759475,87.532706271987,98.41901220881022
600031.SH,2025-03-12,20.5,20.73,20.15,20.16,20.54,-0.38,-1.85,1069072.91,2169686.857,77.54103571377394,0.9908373136067006,0.8105237188212064,0.36062718957098827,18.467999999999996,20.833218138376488,16.102781861623505,25.614231518047344,87.18276731595518,87.41605995330971,86.7161820412461
600031.SH,2025-03-13,20.05,20.18,19.85,20.04,20.16,-0.12,-0.5952,925549.26,1850235.713,74.88180246776844,0.9739133875052062,0.8432016525580064,0.2614234698943996,18.622,20.97484911274997,16.26915088725003,25.269564093544933,81.9885115439701,85.60687715019651,74.7517803315173
600031.SH,2025-03-14,20.04,20.58,20.04,20.49,20.04,0.45,2.2455,1210653.1,2473326.496,77.93740819361044,0.9854526090780489,0.8716518438620149,0.227601530432068,18.773500000000002,21.200352195529685,16.34664780447032,25.854019714274727,84.10594342094268,85.1065659071119,82.10469844860424
600031.SH,2025-03-17,20.48,20.59,20.19,20.43,20.49,-0.06,-0.2928,1092036.46,2231435.756,76.59940345617775,0.9784767557909255,0.8930168262477971,0.17091985908625684,18.927,21.365740831270337,16.488259168729662,25.76996704464878,82.52224185052091,84.2451245549149,79.07647644173295
600031.SH,2025-03-18,20.48,20.48,19.74,19.92,20.43,-0.51,-2.4963,1121807.36,2237241.576,66.19658775798734,0.9211768507278961,0.898648831143817,0.04505603916815826,19.070999999999998,21.377100833144862,16.764899166855134,24.18437243086219,70.49869886808925,79.66298265930635,52.17013128565503
600031.SH,2025-03-19,19.75,20.09,19.73,20.0,19.92,0.08,0.4016,656803.87,1312403.023,66.95471058094721,0.8721677872086815,0.8933526223567899,-0.042369670296216855,19.1985,21.40715546144442,16.989844538555577,23.008625272228795,61.675749494149045,73.66723827092058,37.69277194060598
600031.SH,2025-03-20,20.3,20.55,19.8,19.85,20.0,-0.15,-0.75,796322.1,1594441.044,64.05395628697897,0.8118653267624758,0.8770551632379272,-0.1303796729509028,19.308500000000002,21.40891875524103,17.208081244758976,21.756415622560286,45.03873495688371,64.12440383290829,6.86739720483456
600031.SH,2025-03-21,19.85,19.95,19.54,19.59,19.85,-0.26,-1.3098,541886.76,1066483.294,59.26138709639681,0.7346270420623107,0.848569539002804,-0.2278849938809866,19.404,21.361478506973445,17.446521493026555,20.176030787192794,31.403233772908717,53.217347146241764,-12.22499297375738
600031.SH,2025-03-24,19.7,20.14,19.63,19.96,19.59,0.37,1.8887,617320.5,1228750.574,63.45218666080059,0.6952565678150329,0.8179069447652497,-0.2453007539004337,19.509999999999998,21.3360685408246,17.683931459175398,18.719308465654542,32.70019506429212,46.378296452258546,5.34399228835926
600031.SH,2025-03-25,20.0,20.06,19.53,19.56,19.96,-0.4,-2.004,545097.7,1075685.161,56.66557633948395,0.6245787709795287,0.7792413100081056,-0.3093250780571537,19.593,21.254427414192804,17.931572585807196,16.959397888968553,22.74352626927643,38.50003972459784,-8.769500641366392
600031.SH,2025-03-26,19.6,19.65,19.05,19.29,19.56,-0.27,-1.3804,751218.9,1449622.215,52.57771213360471,0.5405482603992411,0.7315027000863328,-0.3819088793741834,19.668,21.107306850718814,18.228693149281185,14.636026547883004,20.357156040989448,32.452411830061706,-3.8333555371550716
600031.SH,2025-03-27,19.2,19.33,19.1,19.25,19.29,-0.04,-0.2074,317038.64,609473.214,51.97945241698435,0.465361412959993,0.6782744426610648,-0.4258260594021437,19.729499999999998,20.962664094599866,18.49633590540013,12.500713090548347,17.900441689663946,27.601755116595783,-1.5021851641997301
600031.SH,2025-03-28,19.28,19.48,19.11,19.25,19.25,0.0,0.0,432751.83,831958.066,51.97945241698435,0.4011510747900964,0.6228497690868712,-0.4433973885935496,19.782,20.813985312012868,18.750014687987132,10.433579132674833,16.378072237553724,23.860527490248426,1.413161732164319
600031.SH,2025-03-31,19.23,19.28,18.93,19.07,19.25,-0.18,-0.9351,404810.23,772189.438,49.065729705175876,0.33191333320638705,0.5646624819107744,-0.4654982974087747,19.795499999999997,20.779337277944606,18.811662722055388,9.940009375308621,13.799373261249816,20.506809413915555,0.384500955918341
600031.SH,2025-04-01,19.15,19.2,18.83,18.93,19.07,-0.14,-0.7341,372331.3,706317.072,46.86529692527941,0.2627166600771993,0.5042733175440594,-0.4831133149337201,19.8,20.766099046899864,18.833900953100137,9.758576231311752,11.1375666702906,17.383728499373902,-1.3547569878760015
600031.SH,2025-04-02,18.89,19.44,18.88,19.36,18.93,0.43,2.2715,535948.34,1034269.275,53.72907356432462,0.2398108146332234,0.4513808169618922,-0.4231400046573376,19.784,20.7688836426063,18.799116357393697,9.956365169897921,20.911049535918927,18.559502178222242,25.614144251312297
600031.SH,2025-04-03,19.2,19.32,18.89,19.1,19.36,-0.26,-1.343,411313.69,786068.079,49.56029928761167,0.19839101191064046,0.40078285595164187,-0.4047836880820028,19.756,20.786511370247947,18.725488629752054,10.432388846405615,20.810928698246272,19.309977684896918,23.81283072494498
600031.SH,2025-04-07,18.15,18.45,17.49,18.0,19.1,-1.1,-5.7592,1211637.53,2174458.522,36.61610124340209,0.07592944553926628,0.3358121738691668,-0.519765456659801,19.663,20.956222820382354,18.369777179617646,13.153870928976799,20.48873845771543,19.70289794250309,22.06041948814012
600031.SH,2025-04-08,18.2,18.55,17.8,18.55,18.0,0.55,3.0556,1231862.5,2249528.296,44.43108111545001,0.022993124928767372,0.27324836408108694,-0.5005104783046391,19.567,20.892635498047643,18.241364501952358,13.549706117929599,30.017183663168346,23.14099318272484,43.76956462405536
600031.SH,2025-04-09,18.39,19.12,18.15,19.12,18.55,0.57,3.0728,1088675.06,2037459.402,51.15286929112648,0.02672685522049889,0.22394406230896935,-0.3944344141769409,19.496,20.752518163313475,18.239481836686522,12.890009882165328,47.31463835501006,31.198874906819913,79.54616525139036
600031.SH,2025-04-10,19.4,19.41,18.8,19.1,19.12,-0.02,-0.1046,801014.98,1526645.635,50.92012333439254,0.027752121343986857,0.18470567411597286,-0.313907105543972,19.443,20.670682455086066,18.215317544913937,12.628529085903045,58.5112664410285,40.303005418222774,94.92778848663995
600031.SH,2025-04-11,18.91,19.39,18.91,19.31,19.1,0.21,1.0995,482423.71,926743.118,53.32172473904749,0.04499126578439672,0.15676279244965763,-0.22354305333052182,19.4065,20.602445342880575,18.210554657119427,12.325203853147901,70.11862207179674,50.24154430274743,109.87277760989537
600031.SH,2025-04-14,19.31,19.39,18.81,18.89,19.31,-0.42,-2.175,659575.9,1254313.921,48.23779443990304,0.024480723499426205,0.13030637865961134,-0.21165131032037027,19.3265,20.427566946671494,18.225433053328505,11.394375046402551,70.67737197948841,57.053486861661085,97.92514221514307
600031.SH,2025-04-15,18.89,18.98,18.5,18.96,18.89,0.07,0.3706,498659.89,934753.52,49.10870259028946,0.013716273293255199,0.10698835758634012,-0.18654416858616985,19.253000000000004,20.233571262071184,18.272428737928823,10.186165917739364,72.24645311453074,62.11780894595096,92.50374145169029
600031.SH,2025-04-16,18.95,19.1,18.43,19.1,18.96,0.14,0.7384,596409.43,1118508.24,50.88844815054043,0.016294367595619974,0.0888495595881961,-0.14511038398515225,19.212,20.14243509912518,18.28156490087482,9.685978545962733,76.11569096524273,66.78376961904821,94.77953365763179
600031.SH,2025-04-17,18.95,19.16,18.83,19.06,19.1,-0.04,-0.2094,433571.23,823346.74,50.346694314482065,0.014937668059349818,0.07406718128242684,-0.11825902644615405,19.165,20.019720637647726,18.310279362352272,8.919599662381707,78.0007384212729,70.52275921978978,92.95669682423915
600031.SH,2025-04-18,19.05,19.23,18.8,19.19,19.06,0.13,0.6821,364503.89,694159.637,52.13035024520509,0.024074867362163133,0.0640687184983741,-0.07998770227242194,19.131999999999998,19.924028707613616,18.33997129238638,8.27962270137589,80.7789601897513,73.94149287644362,94.45389481636667
600031.SH,2025-04-21,19.08,19.4,18.91,19.23,19.19,0.04,0.2084,381040.22,731202.525,52.693450225523286,0.034150167472773774,0.05808500829325404,-0.04786968164096053,19.114,19.878072192786366,18.349927807213636,7.994895812350792,82.42406869792944,76.76901815027222,93.7341697932439
600031.SH,2025-04-22,19.23,19.23,18.94,18.95,19.23,-0.28,-1.4561,330581.23,628462.385,48.401389888212336,0.0193185630868129,0.05033171925196581,-0.062026312330305824,19.063499999999998,19.717758117420352,18.409241882579643,6.8639873834327885,72.63645396188491,75.3914967541431,67.12636837736852
600031.SH,2025-04-23,19.01,19.64,18.98,19.4,18.95,0.45,2.3747,719919.72,1395551.262,54.77681944562856,0.04337564155266094,0.048940503712104844,-0.011129724318887813,19.0555,19.687738296180953,18.423261703819044,6.635756565620997,75.14606572665599,75.30968641164739,74.81882435667319
600031.SH,2025-04-24,19.42,19.65,19.03,19.05,19.4,-0.35,-1.8041,428221.56,825620.533,49.639473319877546,0.033809242726160704,0.045914251514916016,-0.024210017577510623,19.0435,19.66603387140985,18.420966128590152,6.538019496519546,67.03726786148655,72.55221356159377,56.007376461272116
600031.SH,2025-04-25,19.2,19.24,18.96,19.09,19.05,0.04,0.21,294040.99,560318.175,50.214151305084926,0.029119793586009024,0.04255535992913462,-0.026871132686251187,19.035500000000003,19.65093224005992,18.420067759940085,6.466152610227385,62.72429879290362,69.27624197203039,49.62041243465006
600031.SH,2025-04-28,19.09,19.38,19.0,19.05,19.09,-0.04,-0.2095,290181.43,556163.009,49.60455747864654,0.02192299105642448,0.03842888615459259,-0.033011790196336224,19.0255,19.632701518616706,18.418298481383296,6.383028237015637,58.756089905651635,65.7695246165708,44.72922048381329
600031.SH,2025-04-29,18.96,19.25,18.96,19.19,19.05,0.14,0.7349,344705.47,659630.045,51.80965206433255,0.02720272706821092,0.03618365433731626,-0.017961854538210684,19.0315,19.642909932257457,18.420090067742546,6.425241649449127,54.46484425082664,62.00129782798941,39.39193709650108
600031.SH,2025-04-30,19.48,19.56,18.88,18.89,19.19,-0.3,-1.5633,704212.24,1347148.465,47.057973214745594,0.007097645857296442,0.0303664526413123,-0.04653761356803172,19.029500000000002,19.642567352700564,18.41643264729944,6.443336427132201,39.83930793192364,54.613967862634155,10.289988070502616
600031.SH,2025-05-06,19.18,19.75,19.07,19.68,18.89,0.79,4.1821,797109.1,1558058.474,57.98558475409661,0.05428485977060049,0.03515013406716994,0.038269451406861096,19.0455,19.70947447636416,18.38152552363584,6.972507693304562,57.210879617451,55.47960511423976,60.67342862387349
600031.SH,2025-05-07,20.1,20.1,19.51,19.69,19.68,0.01,0.0508,524204.36,1032592.016,58.10347023761019,0.09143398907850653,0.04640690506943726,0.09005416801813854,19.075,19.79889298423971,18.351107015760288,7.589965758738781,60.27173395261762,57.07698139369904,66.66123907045477
600031.SH,2025-05-08,19.57,19.57,19.35,19.41,19.69,-0.28,-1.422,416313.43,808769.321,53.571004688500736,0.09716126715076001,0.056557777485701816,0.08120697933011639,19.1455,19.677881936503923,18.613118063496074,5.5614315270316705,54.66203028535163,56.27199769091657,51.442095474221745
600031.SH,2025-05-09,19.41,19.8,19.37,19.72,19.41,0.31,1.5971,520687.36,1022788.072,57.52181965727228,0.1252705446472433,0.07030033091801012,0.10994042745846636,19.204,19.71766177690431,18.69033822309569,5.349529024206525,59.39217319569885,57.31205619251066,63.55240720207523
600031.SH,2025-05-12,19.78,20.16,19.7,20.0,19.72,0.28,1.4199,612425.39,1224229.827,60.76900963067506,0.1682020806385367,0.08988068086211544,0.15664279955284252,19.248,19.870578678181452,18.62542132181855,6.469022009366701,68.76144879713257,61.12852039405129,84.02730560329513
600031.SH,2025-05-13,20.09,20.19,19.81,19.92,20.0,-0.08,-0.4,442906.06,882733.307,59.372500524526075,0.19353930022558075,0.1106124047348085,0.16585379098154449,19.289,19.97528366085587,18.602716339144134,7.115803420144822,72.30407019045481,64.85370365951913,87.20480325232617
600031.SH,2025-05-14,19.87,19.87,19.33,19.58,19.92,-0.34,-1.7068,703918.53,1375618.539,53.72199435267211,0.18406231499918135,0.12530238678768307,0.11751985642299656,19.302500000000002,20.00103606319129,18.603963936808714,7.237778144709623,66.01441829490875,65.24060853798233,67.5620378087616
600031.SH,2025-05-15,19.53,19.6,19.15,19.2,19.58,-0.38,-1.9408,579659.66,1118377.691,48.20065641545528,0.14422636002124634,0.12908718143439574,0.030278357173701198,19.318,19.991298244699642,18.64470175530036,6.970682728021958,52.15210583528267,60.8777743037491,34.70076889834981
600031.SH,2025-05-16,19.2,19.4,19.12,19.3,19.2,0.1,0.5208,307282.87,590788.139,49.6667059446246,0.1193494567192026,0.12713963649135712,-0.01558035954430903,19.335,19.98707361547591,18.68292638452409,6.745007659435323,41.61330865209321,54.45628575319713,15.927354449885371
600031.SH,2025-05-19,19.3,19.42,19.1,19.18,19.3,-0.12,-0.6218,380042.81,732445.467,47.91421924065846,0.08892624807265292,0.1194969588076163,-0.06114142146992674,19.339000000000002,19.98596538587945,18.692034614120555,6.690784279222785,30.18868894849022,46.36708681829482,-2.168106791118987
600031.SH,2025-05-20,19.19,19.25,18.85,18.98,19.18,-0.2,-1.0428,580140.35,1101282.723,45.060453216862506,0.04812258035159189,0.10522208311641142,-0.11419900552963905,19.335,19.990165708247147,18.679834291752854,6.776992068757656,23.359623478097934,38.69793237156253,-7.316994308831255
600031.SH,2025-05-21,18.98,19.1,18.93,19.01,18.98,0.03,0.1581,352177.2,670117.663,45.584001204601314,0.017998651734220772,0.08777739683997329,-0.13955749021150504,19.326,19.99436485466188,18.65763514533812,6.916742778245692,19.55318182121952,32.31634885478152,-5.973152245904487
600031.SH,2025-05-22,19.01,19.23,18.94,19.07,19.01,0.06,0.3156,357665.69,683478.339,46.67843374944509,-0.0010215048945951821,0.0700176164930596,-0.14207824277530956,19.318,19.994977804191727,18.641022195808276,7.008777349536448,18.50809136340005,27.713596357654364,0.09708137489142388
600031.SH,2025-05-23,19.13,19.3,18.86,18.91,19.07,-0.16,-0.839,453618.5,863572.501,44.12957618811649,-0.0286752286933023,0.05027904745578722,-0.15790855229817904,19.316,19.9977747737377,18.6342252262623,7.059171399230695,13.831264889032838,23.086152534780517,-4.678510402462521
600031.SH,2025-05-26,18.84,18.88,18.5,18.66,18.91,-0.25,-1.3221,491582.8,915567.328,40.41603922712269,-0.0699574883225651,0.026231740300116758,-0.1923784572453637,19.279000000000003,20.01938112518227,18.538618874817736,7.680700505028967,13.113787298284665,19.762030789281898,-0.1826996837097994
600031.SH,2025-05-27,18.66,18.7,18.41,18.41,18.66,-0.25,-1.3398,290435.51,537941.941,37.05772427350824,-0.12144692263811407,-0.0033039922875294104,-0.23628586070116933,19.247,20.078741356558865,18.415258643441135,8.64281557186954,8.742524865523109,16.08886214802897,-5.9501496994886125
600031.SH,2025-05-28,18.47,18.63,18.44,18.5,18.41,0.09,0.4889,241774.37,447820.486,39.022112102022554,-0.15322414983532795,-0.033288023797089124,-0.23987225207647767,19.217499999999998,20.112159594188505,18.32284040581149,9.310884289720383,8.7986469400517,13.658790412036545,-0.9216400039179895
600031.SH,2025-05-29,18.54,18.92,18.51,18.75,18.5,0.25,1.3514,394993.77,741276.872,44.22896907833668,-0.15643167370966893,-0.05791675377960508,-0.19702983986012768,19.202499999999997,20.118782535144256,18.28621746485574,9.543367115159574,17.086886738912334,14.801489187661806,21.65768184141339
600031.SH,2025-05-30,18.76,18.88,18.57,18.83,18.75,0.08,0.4267,321981.83,604138.325,45.823200191355006,-0.15078022747207243,-0.07648944851809855,-0.14858155790794775,19.1845,20.115836899866263,18.253163100133737,9.709264248390765,27.12159490459316,18.90819109330559,43.54840252716829
600031.SH,2025-06-03,19.13,19.13,18.34,18.42,18.83,-0.41,-2.1774,678244.07,1252178.384,39.57888624348335,-0.17734071571928922,-0.09665970195833669,-0.16136202752190507,19.160999999999998,20.145808824621565,18.17619117537843,10.27930509494877,20.858841047506612,19.55840774470593,23.45970765310797
600031.SH,2025-06-04,18.45,18.45,18.21,18.3,18.42,-0.12,-0.6515,455616.36,833198.052,37.94891209334459,-0.2057018878136141,-0.11846813912939218,-0.17446749736844383,19.092,20.11628614423073,18.067713855769266,10.730003606020661,16.65818760965272,18.591667699688195,12.791227429581774
600031.SH,2025-06-05,18.3,18.34,18.13,18.25,18.3,-0.05,-0.2732,397261.35,724008.178,37.260358702753656,-0.22956660227140446,-0.14068783175779465,-0.17775754102721963,19.02,20.069430923480823,17.970569076519176,11.035025483499721,14.52426182523859,17.235865741538326,9.101053992639116
600031.SH,2025-06-06,18.3,18.6,18.25,18.47,18.25,0.22,1.2055,411018.68,760254.551,42.227397819852975,-0.2280980269631634,-0.1581698707988684,-0.13985631232858997,18.973000000000003,20.03303177708076,17.912968222919243,11.174108228332463,21.016174550159054,18.495968677745235,26.056586294986694
600031.SH,2025-06-09,18.39,18.55,18.3,18.32,18.47,-0.15,-0.8121,493317.92,907261.016,39.9075278865641,-0.23631383802407413,-0.17379866424390955,-0.12503034756032916,18.903,19.939981449359507,17.86601855064049,10.971607145527257,20.344116366772745,19.11201790742107,22.808313285476096
600031.SH,2025-06-10,18.35,18.52,18.1,18.18,18.32,-0.14,-0.7642,347947.14,635331.653,37.81917982864426,-0.2512257830088487,-0.1892840879968974,-0.12388339002390258,18.812,19.75918641526531,17.86481358473469,10.07002355161929,16.15174100826916,18.1252589410371,12.204705142733282
600031.SH,2025-06-11,17.98,18.05,17.82,17.91,17.82,0.09,0.5051,329087.94,591374.72,34.11175362530568,-0.28158442044126275,-0.20774415448577047,-0.14768053191098457,18.711499999999997,19.58755034702712,17.835449652972876,9.36376396362794,13.057903674723967,16.43614051893272,6.301429986306459
600031.SH,2025-06-12,17.9,17.94,17.72,17.8,17.91,-0.11,-0.6142,261777.4,466753.354,32.705092780552675,-0.31093566719951937,-0.22838245702852025,-0.16510642034199824,18.6225,19.48865605741086,17.756343942589137,9.30225326793784,10.59652207156543,14.489601036476957,2.8103641417423724
600031.SH,2025-06-13,17.77,17.87,17.66,17.79,17.8,-0.01,-0.0562,332721.44,590775.706,32.57358757512749,-0.33118595264032535,-0.24894315615088128,-0.16448559297888815,18.552,19.44921440258759,17.65478559741241,9.672427798486307,10.012193852698928,12.997131975217613,4.042317607661559
600031.SH,2025-06-16,17.77,17.9,17.7,17.81,17.79,0.02,0.1124,339137.11,603938.878,33.15251921139698,-0.34168192040573686,-0.2674909090018524,-0.1483820228077689,18.4775,19.360530070418477,17.59446992958152,9.557895499049957,11.99394483796944,12.662736262801554,10.656361988305218
600031.SH,2025-06-17,17.89,18.17,17.88,18.03,17.81,0.22,1.2353,462329.28,834199.896,39.32402785772603,-0.3284615883654709,-0.2796850448745761,-0.09755308698178955,18.419999999999998,19.25909725927716,17.580902740722838,9.110719427547888,21.1165306011995,15.4806677089342,32.3882563857301
600031.SH,2025-06-18,18.01,18.1,17.76,17.78,18.03,-0.25,-1.3866,358979.91,641468.707,35.33214067586863,-0.33430364630126874,-0.2906087651599147,-0.08738976228270812,18.360000000000003,19.202102631574927,17.51789736842508,9.173231280772596,18.33300621640253,16.431447211423645,22.1361242263603
600031.SH,2025-06-19,17.79,17.81,17.38,17.44,17.78,-0.34,-1.9123,469443.76,822521.739,30.758986189684634,-0.36219353617915573,-0.3049257193637629,-0.11453563363078567,18.2815,19.16038146617114,17.402618533828864,9.614981989127118,13.931405853670125,15.59810009217247,10.598017376665432
600031.SH,2025-06-20,17.44,17.58,17.32,17.49,17.44,0.05,0.2867,222382.54,388409.768,32.14981201924883,-0.37592842384782443,-0.3191262602605752,-0.11360432717449842,18.202499999999997,19.066879911600886,17.33812008839911,9.497375762679727,14.009826124668923,15.068675436337953,11.892127501330865
600031.SH,2025-06-23,17.4,17.7,17.32,17.66,17.49,0.17,0.972,302223.01,530607.726,36.79820007526389,-0.36884403756147677,-0.32906981572075555,-0.07954844368144243,18.14,18.969026061427837,17.310973938572165,9.140309387296979,22.673217416445922,17.60352276304061,32.81260672325655
600031.SH,2025-06-24,17.69,18.06,17.68,18.0,17.66,0.34,1.9253,474206.42,851657.694,44.92501530091881,-0.3319677344874279,-0.32964939947409005,-0.004636670026675671,18.107,18.90066173359226,17.31333826640774,8.766352610507088,41.78214494429723,25.66306349012615,74.02030785263939
600031.SH,2025-06-25,18.05,18.07,17.86,18.01,18.0,0.01,0.0556,432866.42,777803.023,45.14841669212728,-0.2984952151617506,-0.32341856261162216,0.04984669489974314,18.087,18.868580046074175,17.305419953925824,8.642450888197883,54.91358682560992,35.4132379352874,93.91428460625497
600031.SH,2025-06-26,18.0,18.13,17.87,17.91,18.01,-0.1,-0.5552,397516.12,713448.262,43.258729449404775,-0.2768458599617247,-0.3141040220816427,0.0745163242398359,18.0575,18.81769041935852,17.297309580641482,8.41966406599495,59.74631278570068,43.52426288542516,92.19041258625171
600031.SH,2025-06-27,17.83,18.09,17.78,17.93,17.91,0.02,0.1117,341347.4,612543.948,43.76567761033717,-0.2551337342641382,-0.3023099645181418,0.09435246050800716,18.0165,18.704449661561362,17.32855033843864,7.636884650862951,63.752443817918035,50.266989862922784,90.72335172790852
600031.SH,2025-06-30,17.93,18.02,17.88,17.95,17.93,0.02,0.1115,263715.93,473244.076,44.30158777452887,-0.23361986103367016,-0.28857194382124746,0.10990416557515459,17.9725,18.544104390245277,17.400895609754723,6.3608778995162245,68.42755513787128,56.32051162123895,92.64164217113594
600031.SH,2025-07-01,17.95,17.96,17.64,17.73,17.95,-0.22,-1.2256,433345.95,768740.996,39.80758136332864,-0.2316517853000164,-0.2771879121170013,0.09107225363396976,17.938000000000002,18.47831569719184,17.397684302808166,6.024257968467346,62.49079807545331,58.37727377264373,70.71784668107247
600031.SH,2025-07-02,17.8,18.39,17.73,18.2,17.73,0.47,2.6509,722438.96,1310444.888,51.197408670256756,-0.18997706174458884,-0.2597457420425188,0.13953736059585997,17.933,18.460919451591568,17.40508054840843,5.8876869636041755,69.07486226837071,61.94313660455272,83.33831359600669
600031.SH,2025-07-03,18.2,18.21,18.07,18.16,18.2,-0.04,-0.2198,300095.68,544368.27,50.324632709827085,-0.15835182748612198,-0.23946695913123947,0.162230263290235,17.9285,18.446482930017773,17.410517069982227,5.778318654854259,72.21813247797921,65.36813522902821,85.9181269758812
600031.SH,2025-07-04,18.16,18.3,18.05,18.23,18.16,0.07,0.3855,334470.86,609161.924,51.87090241269579,-0.1261855974832109,-0.21681068680163376,0.18125017863684573,17.9165,18.390953702472437,17.44204629752756,5.29627664412623,74.36764387420835,68.36797144408825,86.36698873444857
600031.SH,2025-07-07,18.25,18.38,18.1,18.35,18.23,0.12,0.6583,339773.08,621278.651,54.486393813232766,-0.0899734731506392,-0.19144324407143487,0.20293954184159135,17.918,18.39798245582007,17.438017544179928,5.3575449918525635,81.13398480502782,72.6233092310681,98.15533595294727
600031.SH,2025-07-08,18.4,19.08,18.36,19.07,18.35,0.72,3.9237,1054008.44,1993706.646,66.31468735720296,-0.0031409145065914856,-0.1537827781584662,0.3012837273037494,17.9625,18.660342539923317,17.26465746007668,7.769993485576264,87.19117505520377,77.47926450578,106.61499615405134
600031.SH,2025-07-09,18.99,19.21,18.89,19.11,19.07,0.04,0.2098,661952.13,1264486.865,66.83042979527437,0.06811696949665347,-0.10940282862744227,0.3550395962481915,18.0225,18.88763461076131,17.15736538923869,9.600606028700895,89.33764111960502,81.43205671038834,105.14880993803843
600031.SH,2025-07-10,19.12,19.27,18.92,18.92,19.11,-0.19,-0.9942,636371.63,1212124.453,61.97645713613122,0.10801283907758119,-0.06591969508643758,0.34786506832803754,18.0785,19.02423335509943,17.132766644900567,10.462520176999545,85.73429653372445,82.86613665150037,91.47061629817262
600031.SH,2025-07-11,18.99,19.1,18.83,18.83,18.92,-0.09,-0.4757,484331.56,917451.28,59.762223661927784,0.13085988403041782,-0.026563779263066502,0.3148473265869686,18.1305,19.122668809915258,17.138331190084745,10.944748461600684,81.49157601225798,82.4079497717529,79.65882849326815
600031.SH,2025-07-14,18.83,18.95,18.7,18.74,18.83,-0.09,-0.478,360942.98,679524.719,57.54804862083694,0.1400892225657664,0.006766821102700078,0.26664480292613263,18.177,19.1928139075328,17.1611860924672,11.176914865300091,76.18918920297715,80.33502958216098,67.89750844460946
600031.SH,2025-07-15,18.74,18.95,18.73,18.9,18.74,0.16,0.8538,432029.47,814099.922,60.35983796073993,0.1584872601924303,0.03711090892064613,0.24275270254356837,18.2205,19.28323678476112,17.157763215238884,11.665286734843912,74.0168365178317,78.22896522738455,65.59257909872602
600031.SH,2025-07-16,18.83,18.89,18.63,18.71,18.9,-0.19,-1.0053,327156.32,611643.642,55.64637296815216,0.15593885935642504,0.06087649900780191,0.19012472069724626,18.267,19.329967049051184,17.204032950948815,11.638112980250561,67.37734456380039,74.61175833952316,52.90851701235485
